Country Name,Country Code,Indicator Name,2000,2001,2002,2003,2004,2005,2006,2007,2008,2009,2010,2011,2012,2013,2014,2015,2016,2017,2018
Aruba,ABW,Individuals using the Internet (% of population),15.4428229480349,17.1,18.8,20.8,23,25.4,28,30.9,52,58,62,69,74,78.9,83.78,88.661226932496,93.542453865048,97.17,
Afghanistan,AFG,Individuals using the Internet (% of population),,0.00472256824217368,0.00456139517022146,0.0878912528559713,0.105809030021958,1.22414808372471,2.10712364546412,1.9,1.84,3.55,4,5,5.45454545454545,5.9,7,8.26,11.2,13.5,
Angola,AGO,Individuals using the Internet (% of population),0.105045562462262,0.136013867429868,0.270376745595134,0.370682065225727,0.464814617985909,1.1433668265595,1.5,1.7,1.9,2.3,2.8,3.1,6.5,8.9,21.4,12.4,13,14.3390793643794,
Albania,ALB,Individuals using the Internet (% of population),0.114097346552109,0.325798377067964,0.39008127343332,0.971900415195857,2.42038779776014,6.04389086404814,9.60999131577118,15.0361154084109,23.86,41.2,45,49,54.6559590399494,57.2,60.1,63.252932696931,66.363444701023,71.8470405043844,
Andorra,AND,Individuals using the Internet (% of population),10.53883560922,,11.2604687170103,13.546412876439,26.8379543894637,37.6057662174867,48.9368469989479,70.87,70.04,78.53,81,81,86.4344246167258,94,95.9,96.91,97.9306371220021,91.5674670273926,
Arab World,ARB,Individuals using the Internet (% of population),1.16588724307037,1.59036859138061,2.72740391951727,3.68668240421096,7.08195800918636,8.46430059446803,11.6967073042137,14.2275432516648,18.5970961481102,21.5686671530258,24.9477618371479,26.7538745885876,30.3700753137253,33.1127975750516,36.6238490715052,43.6963348677854,41.4874767052267,49.2601279696894,63.1667289489987
United Arab Emirates,ARE,Individuals using the Internet (% of population),23.6253008751553,26.2717542010006,28.3164853110439,29.4779534120864,30.1312961695367,40,52,61,63,64,68,78,84.9999915049492,88,90.4,90.5,90.60000732,94.81992254,98.4500017817194
Argentina,ARG,Individuals using the Internet (% of population),7.0386830862178,9.78080728532407,10.8821243775325,11.9136965509954,16.0366841054923,17.7205833696065,20.9272021035896,25.9466329403819,28.1126234799907,34,45,51,55.8,59.9,64.7,68.0430641088122,70.96898082,74.29490687,
Armenia,ARM,Individuals using the Internet (% of population),1.30047002237784,1.63109466677715,1.9604050458212,4.57521722477781,4.8990085713054,5.25298335195804,5.63178777731609,6.02125339712607,6.21,15.3,25,32,37.5,41.9,54.6228058583362,59.1023777148789,64.34602977,64.7448843250726,
American Samoa,ASM,Individuals using the Internet (% of population),,,,,,,,,,,,,,,,,,,
Antigua and Barbuda,ATG,Individuals using the Internet (% of population),6.48222573702907,8.89928551450583,12.5,17.2286487816884,24.2665437161785,27,30,34,38,42,47,52,58,63.4,67.78,70,73,76,
Australia,AUS,Individuals using the Internet (% of population),46.7561156116738,52.6892664310395,,,,63,66,69.45,71.67,74.25,76,79.4876977139029,79,83.453497167,84,84.560519347399,86.54,86.54504885,
Austria,AUT,Individuals using the Internet (% of population),33.7301329516915,39.1854501811114,36.56,42.7,54.28,58,63.6,69.37,72.87,73.45,75.17,78.7399930986888,80.0299939169903,80.6188,80.9958249574764,83.9401419315026,84.32374257,87.93558659,87.4791372262556
Azerbaijan,AZE,Individuals using the Internet (% of population),0.147757575623251,0.305564637615618,4.99971367812957,,,8.03037535616454,11.9921773343674,14.54,17.08,27.4,46,50,54.2,73.000001372,75.0000156363396,77,78.2,79,79.7999954887896
Burundi,BDI,Individuals using the Internet (% of population),0.077248447383456,0.106001245363203,0.118228412267794,0.201273196735924,0.349060461879596,0.542142865759056,0.657592590351907,0.7,0.81,0.9,1,1.11,1.21999994477793,1.2642181112,1.38,4.86622446359511,5.17362677652886,2.6607485347534,
Belgium,BEL,Individuals using the Internet (% of population),29.4316916924341,31.2883955056566,46.33,49.97,53.86,55.82,59.72,64.44,66,70,75,81.6099959955952,80.7199905482042,82.1702,85,85.0529,86.51647666,87.67968082,88.6550642753316
Benin,BEN,Individuals using the Internet (% of population),0.225247851473369,0.363417890016082,0.7029455951039,0.951327114915695,1.18254096518994,1.27103143947107,1.53785434624704,1.79,1.85,2.24,3.13,4.14832306562512,4.5,4.9,6,11.2549879092022,11.994047908223,20,
Burkina Faso,BFA,Individuals using the Internet (% of population),0.0770801689426014,0.157732464653607,0.200992597925001,0.373440303233526,0.400295285492178,0.469914488656657,0.632707564461829,0.75,0.92,1.13,2.4,3,3.72503491597675,9.1,9.4,14,13.96,16,
Bangladesh,BGD,Individuals using the Internet (% of population),0.0710394230507683,0.129807973947512,0.13992028850905,0.163877665498048,0.199036333744363,0.24163732563671,1,1.8,2.5,3.1,3.7,4.5,5,6.63,13.9,14.4,18.02,15,
Bulgaria,BGR,Individuals using the Internet (% of population),5.37092346908696,7.6122977487982,9.08,12.04,18.13,19.97,27.09,33.64,39.67,45,46.23,47.9799930506026,51.8999876658503,53.0615,55.49,56.6563,59.82554766,63.41010138,64.78201069118
Bahrain,BHR,Individuals using the Internet (% of population),6.15373254647607,15.0386342513918,18.0507208881153,21.5549449917804,21.4586805077435,21.3037335136591,28.2439524318043,32.91,51.95,53,55,76.9999665032303,88,90.0000397,90.5031334814656,93.4783011354165,97.9999807,95.87813575,98.6446725799886
"Bahamas, The",BHS,Individuals using the Internet (% of population),8,11.8,18,20,22,25,26,27,31.54,33.88,43,65,71.7482028146963,72,76.92,78,80,85,
Bosnia and Herzegovina,BIH,Individuals using the Internet (% of population),1.08296074971207,1.20052695129649,2.64826791361244,3.96503683387051,15.4689716227665,21.3267010007738,25.1223856852117,27.92,34.66,37.74,42.75,43.8876865285545,45.0645004334763,48.5213141734421,49.9177324336354,52.6,60.25653543,64.89197728,70.1201350394885
Belarus,BLR,Individuals using the Internet (% of population),1.86039812615388,4.30061602151712,8.95097131467325,,,,16.2,19.7,23,27.43,31.8,39.6488956598961,46.91,54.17,59.02,62.230360906803,71.11304576,74.43644541,79.1298866919307
Belize,BLZ,Individuals using the Internet (% of population),5.96383530272428,,5.68425121358763,,9.8,17,24,24.6,26.3,27.2,28.2,30.7,31,33.6,38.7,41.589999999835,44.57574032,47.0826258036364,
Bermuda,BMU,Individuals using the Internet (% of population),42.9498600152711,47.5096998970623,52.0315973700393,56.5220121836337,60.9908670086326,65.4470657898838,69.8996551617012,74.3505940302669,82.3,83.25,84.21,88.336,91.2993045243401,95.3,96.8,98.3236096537251,98,98.37,
Bolivia,BOL,Individuals using the Internet (% of population),1.4427635847914,2.1204625341365,3.11719294696997,3.50859640072336,4.43992460120042,5.22758395663196,6.20067125473576,10.4992443168903,12.5,16.8,22.4,30,35.34,36.99,34.6,35.56227065,39.6975146032685,43.8322760674661,44.2861421607887
Brazil,BRA,Individuals using the Internet (% of population),2.87068515854108,4.52849486902851,9.14942508560748,13.2075861035303,19.073672274442,21.022747248827,28.1783801797929,30.88,33.83,39.22,40.65,45.69,48.56,51.04,54.5510018796392,58.3279517340924,60.87254007,67.47128452,70.4342825404361
Barbados,BRB,Individuals using the Internet (% of population),3.97367835457927,11.9364503383984,27.836322424146,39.6896271159532,49.8,52.5,55.3,58.2,61.4,64.7,65.1,66.5,71.2,71.8,75.16,76.11,79.5493978888735,81.7607783931079,
Brunei Darussalam,BRN,Individuals using the Internet (% of population),8.99628453448726,12.9177690823013,15.329879855735,19.5950032207342,29.7156041447864,36.4663919475782,42.1863491609307,44.68,46,49,53,56,60.2730650423193,64.5,68.77,71.2,90,94.8666916411293,
Bhutan,BTN,Individuals using the Internet (% of population),0.40094444691941,0.864628564215099,1.67580258375242,2.43691239949767,3.15698419613711,3.84710674490143,4.5183172581646,5.92,6.55,7.17,13.6,14.4,15.6,22.4,30.3,39.8,41.7726445321672,48.1064158774574,
Botswana,BWA,Individuals using the Internet (% of population),2.90266662177209,3.43088678702599,3.38592235064273,3.3451901740614,3.30488925316113,3.26255403605122,4.28993297515968,5.28,6.25,6.15,6,9,16,30,36.74474744423,37.3120503733278,39.36299738,47,
Central African Republic,CAF,Individuals using the Internet (% of population),0.0533941742150456,0.0785434278394038,0.128537116506299,0.151563337940017,0.223401395464406,0.268195609199012,0.311159173235716,0.375815961044797,1,1.8,2,2.2,3,3.4,3.6,3.8,4,4.33925494461827,
Canada,CAN,Individuals using the Internet (% of population),51.3,60.2,61.5932992681952,64.2,65.9559634648989,71.66,72.4,73.2,76.7,80.3,80.3,83,83,85.8,87.12,90,91.16,91,
Central Europe and the Baltics,CEB,Individuals using the Internet (% of population),7.05382123619139,10.2388299969122,18.2554759298332,22.5931210994219,29.2463406861194,34.7508894916645,40.8006088189678,45.2841740271644,50.6865288171857,55.0986207601394,58.5913129651185,59.1103467322128,61.7163415118777,63.463990446104,66.4833926132526,67.3494691319118,71.3419807922689,73.4095661289698,75.9933743459813
Switzerland,CHE,Individuals using the Internet (% of population),47.1,55.1,61.4,65.1,67.8,70.1,75.7,77.2,79.2,81.3,83.9,85.1930281804854,85.2,86.34,87.4,87.4790555978675,89.13468774,89.68614767,
Channel Islands,CHI,Individuals using the Internet (% of population),,,,,,,,,,,,,,,,,,,
Chile,CHL,Individuals using the Internet (% of population),16.6,19.1,22.1,25.4737788864723,28.1779101232438,31.1753470303684,34.4977511736017,35.9,37.3,41.56,45,52.2496072877744,55.05,58,61.11,76.63,83.55858602,82.32748693,
China,CHN,Individuals using the Internet (% of population),1.77591320677415,2.63965021485872,4.59570433077551,6.2,7.3,8.52325700269541,10.5231526193851,16,22.6,28.9,34.3,38.3,42.3001174855995,45.8,47.9,50.3,53.2,54.3,
Cote d'Ivoire,CIV,Individuals using the Internet (% of population),0.231461670612799,0.395747702246439,0.497929360753307,0.758669629452205,0.849282414747704,1.03923820514001,1.52490079122527,1.8,1.9,2,2.7,2.9,5,12,19.2742298,38.44,41.20781493,43.83992085,46.8237270826283
Cameroon,CMR,Individuals using the Internet (% of population),0.252120077733662,0.277051321848797,0.360871584267755,0.587622611130454,0.976075415490902,1.40265422575955,2.0287447914719,2.93,3.4,3.84,4.3,5,7.5,10,16.2148722257524,20.6801476606263,23.2029719748646,23.20297197,
"Congo, Dem. Rep.",COD,Individuals using the Internet (% of population),0.0059021136806903,0.0114757819210493,0.0927907024606925,0.134914837437335,0.196208375178039,0.238037798692792,0.29605361030881,0.37,0.44,0.56,0.72,1.2,1.679961014645,2.2,3,3.799999507273,6.20997406030119,8.61990491569355,
"Congo, Rep.",COG,Individuals using the Internet (% of population),0.0263547320580279,0.0322236164306931,0.157249517243982,0.460014186837522,1.07750492958505,1.46342005950851,2.00799007938159,2.75970437370903,4.28750990276481,4.5,5,5.6,6.10669502435836,6.6,7.11,7.61597466209,8.121949323466,8.65,
Colombia,COL,Individuals using the Internet (% of population),2.207532992624,2.85419997133433,4.6,7.38892371052557,9.1186903029666,11.0072638904585,15.3416745365682,21.8,25.6,30,36.5,40.3509157546318,48.98,51.7,52.57,55.9049725142924,58.13649357,62.25988032,64.1263768204459
Comoros,COM,Individuals using the Internet (% of population),0.271740607285909,0.443068372538977,0.554869674985088,0.848189370151537,1.32732717785355,2,2.2,2.5,3,3.5,5.1,5.5,5.97529630842855,6.5,6.98,7.459161385649,7.938322770803,8.47817029542124,
Cabo Verde,CPV,Individuals using the Internet (% of population),1.82244385164396,2.68533271272311,3.5187571749658,4.32488539053715,5.31883206957883,6.07408710659813,6.80891100753313,8.28321981953034,14,21,30,32,34.74,37.5,40.26,42.68,50.32281787,57.16214635,
Costa Rica,CRI,Individuals using the Internet (% of population),5.80025302331829,9.55948213497093,19.8948511346293,20.3336148143541,20.7923067055542,22.07,25.1,28.4,32.29,34.33,36.5,39.2121959961842,47.5,45.96,53,59.7629501371681,65.8804491942718,71.3907708962224,74.0868022255159
Caribbean small states,CSS,Individuals using the Internet (% of population),4.91930591116248,8.30408436887456,11.7495839064801,14.9038067908101,16.8171367686937,19.4232960247861,22.2926656184622,24.4998464040619,27.6679876313022,31.7508974648875,35.3910946256284,42.1412538824126,42.4939916498242,45.2698401409788,48.3336918491984,50.2954681400821,52.9532109495295,59.1763508018446,
Cuba,CUB,Individuals using the Internet (% of population),0.541182548811058,1.07975172188907,3.77058503769014,5.2412690536929,8.40798475900703,9.73806220781346,11.1596013147617,11.69,12.94,14.33,15.9,16.0172907996413,21.2,27.93,29.0701843656523,37.3050974155373,42.97867519,57.14840432,
Curacao,CUW,Individuals using the Internet (% of population),,,,,,,,,,,,,,,,,61.855510740634,68.12721625,
Cayman Islands,CYM,Individuals using the Internet (% of population),,,,,,38.0343830823064,44.5,52,61,64.5,66,69.46594499,69.7,71.4,74.1,77,79,81.0676932508161,
Cyprus,CYP,Individuals using the Internet (% of population),15.2553943710137,18.8187590408455,28.32,30.09,33.83,32.81,35.83,40.77,42.31,49.81,52.99,56.8598923503507,60.6898684001903,65.4548,69.33,71.7159,75.9002054,80.74318897,84.4335825186889
Czech Republic,CZE,Individuals using the Internet (% of population),9.78052788834393,14.6971721171129,23.93,34.3,35.5,35.27,47.93,51.93,62.97,64.43,68.82,70.49,73.4300078241036,74.1104,74.2317116367383,75.668838699279,76.4811987,78.71916143,80.6881675434288
Germany,DEU,Individuals using the Internet (% of population),30.2163466048889,31.650939416316,48.82,55.9,64.73,68.71,72.16,75.16,78,79,82,81.26999953602,82.3499984738392,84.17,86.19,87.5897993525767,84.1652066441212,84.39550077,89.7391210364906
Djibouti,DJI,Individuals using the Internet (% of population),0.194500528399956,0.343526262964202,0.48697170451894,0.625940229399888,0.781317175068661,0.953611449300569,1.27004115919322,1.62,2.26,4,6.5,7,8.26723289204519,9.5,10.71,11.9224314345,13.1349151074,55.68140925,
Dominica,DMA,Individuals using the Internet (% of population),8.81484419762881,13.2452280386761,18.4248927671241,23.6204198529629,30.3196130921568,38.5436432637571,39.39817430347,40.2744630071599,41.16,42.02,47.45,48.6,49.8,51,57.5,65,67.03,69.6196687942039,
Denmark,DNK,Individuals using the Internet (% of population),39.1724308555053,42.9575247201878,64.25,76.26,80.93,82.74,86.65,85.03,85.02,86.84,88.72,89.8100133895232,92.2600117153012,94.6297,95.99,96.3305,96.96778525,97.09936216,97.3192043651002
Dominican Republic,DOM,Individuals using the Internet (% of population),3.70469235587688,4.42939069666645,6.8237257325842,7.89839293716387,8.8655534607044,11.4831977789344,14.8449283654589,17.66,20.82,27.72,31.4,38,42.32,45.9,49.58,54.2157663369785,63.87086474,67.57123468,74.8242898588721
Algeria,DZA,Individuals using the Internet (% of population),0.491705679141589,0.646114016703792,1.59164126035832,2.19535973086144,4.63447508776537,5.84394209201256,7.37598495634886,9.45119062555304,10.18,11.23,12.5,14.9,18.2,22.5,29.5,38.2,42.9455268800332,47.6910551485548,49.0384680793271
East Asia & Pacific (excluding high income),EAP,Individuals using the Internet (% of population),1.89386467564035,2.77799334403068,4.40510188775916,5.76259077112944,6.88291617885035,8.31300609268548,10.1680244795488,14.3849555089252,19.2725284794438,23.7890210408462,28.9798350006277,32.4044588546328,36.0824061776906,39.7164193738067,42.0618027503957,44.2904169012046,48.7288078320717,51.1687446617394,
Early-demographic dividend,EAR,Individuals using the Internet (% of population),1.22726119280249,1.68205502203813,2.82828584738495,3.39543202853432,4.20164812362651,4.87393456475582,5.75267095446092,7.31451993402641,8.47397596468619,9.66419684431853,12.7928570244362,15.4256703432616,18.0765076300807,20.909936137594,25.4490759552826,25.7726539304168,30.1667498501354,38.0290615571683,
East Asia & Pacific,EAS,Individuals using the Internet (% of population),5.60924070520304,7.27835490447805,9.03018298381158,10.5833990436361,12.6339668767849,14.6865023197303,16.6375335680047,20.7904574744049,25.2855108798602,29.5506961195956,34.2705539668784,37.4023237120308,40.7437540265865,44.6092050653925,46.8384771599822,48.9987474831424,53.1874208856586,55.0732656812101,
Europe & Central Asia (excluding high income),ECA,Individuals using the Internet (% of population),1.97077591229033,2.87824511455791,5.01176242841905,7.30001771509191,10.7063046449593,12.4900429967687,15.0237677646188,20.3921152361955,23.8993210606319,27.4605930933097,35.6206969378559,40.5454110683895,48.826869262302,52.7891291854631,56.8994546420232,58.7934861661921,62.5179342050343,66.5874019895265,73.1086018721316
Europe & Central Asia,ECS,Individuals using the Internet (% of population),13.1562465569984,16.3803266870547,23.0071049499745,28.3097470741477,32.2957215791325,35.1437481475662,38.0102339731288,43.6168164513193,47.3177041996224,50.5358475752333,56.0868823063161,58.7933713369437,63.5904777750172,66.312355609957,68.9892517239431,70.0439970070619,72.4462776781183,75.027820684689,79.7532365709452
Ecuador,ECU,Individuals using the Internet (% of population),1.46218853556457,2.67044367376705,4.26079691519764,4.46022834472698,4.83444263759525,5.99425516097331,7.2,10.8,18.8,24.6,29.03,31.3668083587433,35.1351464545516,40.279121941,45.5903906666095,48.9404337892669,54.06292473,57.2722436831024,
"Egypt, Arab Rep.",EGY,Individuals using the Internet (% of population),0.641265037504813,0.838945611477604,2.71999971465421,4.03788510706701,11.92,12.75,13.66,16.03,18.01,20,21.6,25.6,26.4,29.4,33.8946039115275,37.8193834276939,41.24806709,44.95020425,46.9243380864905
Euro area,EMU,Individuals using the Internet (% of population),22.4661113155009,27.3077599545243,35.0832824920163,42.0090697589714,47.3733912210337,51.1540400973963,54.8404585401202,61.3120809463331,64.7962518469251,67.1057686897968,71.0275515545602,72.0141026370331,74.119007019637,75.8502877943212,77.0890936114147,77.4725358831233,77.9894549315985,79.6608735641209,83.7784758771368
Eritrea,ERI,Individuals using the Internet (% of population),0.136711941104496,0.157815289303043,0.227090137626716,,,,,0.41,0.47,0.54,0.61,0.7,0.8,0.9,0.99,1.083733115675,1.177118720157,1.3089069798665,
Spain,ESP,Individuals using the Internet (% of population),13.6249608089899,18.1487226902932,20.39,39.93,44.01,47.88,50.37,55.11,59.6,62.4,65.8,67.0899993926581,69.8099999420024,71.635,76.19,78.6896,80.56133294,84.6022428,86.1072355256591
Estonia,EST,Individuals using the Internet (% of population),28.5769538105646,31.5274897673756,41.52,45.32,53.2,61.45,63.51,66.19,70.58,72.5,74.1,76.5,78.3899259259259,80.0043,84.2415280294352,88.4097035040431,87.24023275,88.10245687,89.3570077747426
Ethiopia,ETH,Individuals using the Internet (% of population),0.0152637672082567,0.0371623810686744,0.0724022618698295,0.105811658802603,0.155334520794722,0.219659818999505,0.310592656856176,0.37,0.45,0.54,0.75,1.1,2.9,4.6,7.7,13.8551755555556,15.36692386,18.6180514528264,
European Union,EUU,Individuals using the Internet (% of population),19.6472090518888,24.1390456912712,32.1283038832884,38.6078954832489,44.1874391282233,48.302154297526,52.5504969404769,58.2495055282774,62.2506053935069,64.99325091727,68.6960749036306,69.6621562023983,71.8575020013322,73.610297162146,75.1854223353415,75.6546433209609,76.9132040441304,78.7555392217634,82.4115122377492
Fragile and conflict affected situations,FCS,Individuals using the Internet (% of population),0.39247032302553,0.427016704466989,0.686790750666381,1.02882295803229,1.47143197304113,2.55361029409035,3.62207687408764,4.91409610626236,5.58930495431766,6.85948728650235,8.97792256594865,10.2410391109095,12.3403920849243,14.4753683005938,16.3762881966818,24.8216393281779,20.1612854596406,28.7721972376111,
Finland,FIN,Individuals using the Internet (% of population),37.2484617371121,43.1053633522263,62.43,69.22,72.39,74.48,79.66,80.78,83.67,82.49,86.89,88.70999491353,89.879997974222,91.5144,86.5303927529377,86.4221333325445,87.70364996,87.46892907,88.8899599985585
Fiji,FJI,Individuals using the Internet (% of population),1.4968547339902,1.8579785936093,6.15264970011985,6.72543473821551,7.4129434854202,8.45363663371359,9.6000384001536,10.8978310454645,13,17,20,28,33.7423567521104,35.2,37.4,42.5,46.5069783122217,49.9663730102662,
France,FRA,Individuals using the Internet (% of population),14.3079239430677,26.3259035521688,30.18,36.14,39.15,42.87,46.87,66.09,70.68,71.58,77.28,77.8199989926706,81.44,81.9198,83.75,78.01,79.26981132,80.50245972,82.0431867788484
Faroe Islands,FRO,Individuals using the Internet (% of population),32.916392363397,43.2469835228993,53.2992218313613,58.9126409695337,66.5335994677312,67.9026317413939,69.359445124439,75.98,75.57,75.18,75.2,80.7321728,85.3351892392109,90,93.3,94.2,95.1086816720257,97.5819589384468,
"Micronesia, Fed. Sts.",FSM,Individuals using the Internet (% of population),3.73486213690137,4.66052719883673,5.57009970478472,9.23250210039423,11.0178673081514,11.8813690993008,12.7503392500979,13.6211327333981,14.49,15.35,20,22.8,25.9744230029883,27.8,29.65,31.501081275309,33.352162552269,35.3040528661747,
Gabon,GAB,Individuals using the Internet (% of population),1.21614061828589,1.34762022159633,1.93953010616212,2.65958659385985,2.97906980035019,4.89326474972412,5.48920080280135,5.76700457562583,7.5,9.5,13,18,24,30.53803344,38.07120929,45.78453653,48.0522737506185,62,
United Kingdom,GBR,Individuals using the Internet (% of population),26.8217543508578,33.4810948744147,56.48,64.82,65.61,70,68.82,75.09,78.39,83.56,85,85.3799985496322,87.4799984242111,89.8441,91.61,92.0003,94.77580063,94.62,94.8967417605954
Georgia,GEO,Individuals using the Internet (% of population),0.484746298540492,0.992344436138154,1.58787562980332,2.55881648068489,3.88622135350273,6.07945762869794,7.52687684487832,8.26,10.01,20.07,26.9,31.52,36.94,43.3,44,47.5697596438736,58.4592896118725,59.7055045962571,62.7179081736957
Ghana,GHA,Individuals using the Internet (% of population),0.153615297625799,0.200008060324831,0.830284033818739,1.19305791098328,1.71679770389504,1.83119746104616,2.72317597313987,3.85,4.27,5.44,7.8,9,10.6,15,25.51773743,25,34.66600065,39,
Gibraltar,GIB,Individuals using the Internet (% of population),19.1316381248919,21.171109436031,23.670239745714,28.3257797920554,32.8860826098395,39.0701308849385,45.29864751181,51.61,58,65.07,65,65,65.017,,,,94.4444715818151,,
Guinea,GIN,Individuals using the Internet (% of population),0.0954249236063846,0.175541868491054,0.402022748744397,0.450960370842751,0.508819332302937,0.542254180996637,0.637492122987955,0.780025279059244,0.92,0.94,1,2,3.1,4.5,6.4,8.2,9.8,18,
"Gambia, The",GMB,Individuals using the Internet (% of population),0.921794919066406,1.33679116648397,1.79677988296495,2.436781193062,3.30800347812937,3.79900113882231,5.23769115841218,6.20503741852418,6.88,7.63,9.2,10.8703,12.4492287209242,14,15.56,16.5,18.5,19.8364544419252,
Guinea-Bissau,GNB,Individuals using the Internet (% of population),0.230103170591588,0.299569144677667,1.02299323436117,1.35419747762901,1.80814220342991,1.90136531610877,2.0571967045036,2.20630223745003,2.35488871087933,2.30328059172582,2.45,2.672,2.89399062085531,3.1,3.32,3.540706917021,3.761413832337,3.93050915199411,
Equatorial Guinea,GNQ,Individuals using the Internet (% of population),0.132354665123789,0.16526042288306,0.321197997152044,0.520524272046806,0.843930284607049,1.14978967061811,1.27919359635686,1.55712305943539,1.82,2.13,6,11.5,13.9431821913076,16.4,18.86,21.319999985207,23.779999971074,26.2399999569409,
Greece,GRC,Individuals using the Internet (% of population),9.13883730776798,10.9350258080278,14.67,17.8,21.42,24,32.25,35.88,38.2,42.4,44.4,51.6499951676815,55.0699934418411,59.8663,63.21,66.835,69.08791547,70.5494334521129,72.952094201811
Grenada,GRD,Individuals using the Internet (% of population),4.06390799146313,5.12810398216998,14.7588405454867,18.6451821830564,19.5706205843787,20.4878048780488,21.3959911692909,22.29,23.18,24.05,27,30,32,35,51.6,53.81,55.8564078225865,59.071735362999,
Greenland,GRL,Individuals using the Internet (% of population),31.7478112321162,35.4641368915684,44.154789028418,54.5342598293605,56.0990147610533,57.7034045008656,59.361687268664,61.07,62.82,62.83,63,64,64.8960100995989,65.8,66.7,67.600443481006,68.500873675421,69.4824617821988,
Guatemala,GTM,Individuals using the Internet (% of population),0.712332904508925,1.7382017815873,3.39174627024502,4.54885490848324,5.1,5.7,6.5,7.3,8.3,9.3,10.5,12.3,16,19.7,23.4,28.8059415553524,34.5093260915602,65,
Guam,GUM,Individuals using the Internet (% of population),16.1131270423389,25.3802275337398,31.1922942556271,33.7166817880876,36.1617878387908,38.559877557558,43.8514430048178,46.1504736192355,48.4187021509296,50.6420283820435,54.04,57.7,61.5341593079002,65.4,69.27,73.139999947043,77.009999893206,80.5054655600831,
Guyana,GUY,Individuals using the Internet (% of population),6.61149156572021,13.2069864958563,,,,,,13.8,18.2,23.9,29.9,30,30.5,31,32,34,35.66,37.3258367878094,
High income,HIC,Individuals using the Internet (% of population),30.4774735437544,36.547076446718,44.9670825227032,49.6860432163227,54.8680003675252,58.5592926362245,61.2771314113139,66.6737116725843,68.7958884604582,70.0491781753657,72.1465137320951,72.7037280793324,75.3889416226458,76.7535227694651,78.4063990028465,79.8005428085104,84.167976882366,85.0157729128049,
"Hong Kong SAR, China",HKG,Individuals using the Internet (% of population),27.8277606812581,38.6714032309569,43.0823830278909,52.2000433497404,56.3998803935333,56.9,60.8,64.8,66.7,69.4,72,72.2,72.9,74.2,79.8662704309064,84.9483529634062,87.47941467,89.41594465,90.5073953294283
Honduras,HND,Individuals using the Internet (% of population),1.20385599891878,1.41528193123711,2.5974025974026,4.8,5.6,6.5,7.8,9.4,9.6,9.8,11.09,15.9,18.12,17.8,19.08,27.1,29.5,31.7,
Heavily indebted poor countries (HIPC),HPC,Individuals using the Internet (% of population),0.174022851526195,0.257960142760677,0.395941158365664,0.606432921368041,0.916881862454822,1.21438155174544,1.55836014893627,2.42900295469472,2.5134516631323,3.12705313039803,4.7311833750084,5.33831655179262,6.60832667449049,8.07053546257962,10.4015257119962,14.6433552906992,15.350698495892,19.3528385873458,
Croatia,HRV,Individuals using the Internet (% of population),6.64488254374396,11.5585731811648,17.76,22.75,30.91,33.14,37.98,41.44,44.24,50.58,56.55,57.7899789891444,61.9399731527956,66.7476,68.57,69.8031,72.69726967,67.09619204,75.2946259897258
Haiti,HTI,Individuals using the Internet (% of population),0.231270714628821,0.340832326173809,0.893432988337908,1.64735834557778,5.401261907622,6.37620163504938,6.79600048052951,7.2,7.6,8.1,8.37,9,9.8,10.6,11.4,12.1977,12.2326016070408,12.3261035817213,32.4736271300557
Hungary,HUN,Individuals using the Internet (% of population),6.99967635062916,14.5285543028277,16.67,21.63,27.74,38.97,47.06,53.3,61,62,65,68.0199878861296,70.579998153838,72.6439,75.6531974544103,72.8347,79.25941213,76.75054712,76.0743606365063
IBRD only,IBD,Individuals using the Internet (% of population),1.86663771127352,2.68469660364829,4.48906319013411,5.7657794920552,7.37519266678834,8.68153193526285,10.5163447918008,13.7361407354042,16.9538700580487,20.297543929255,24.8287165674382,28.3173627656863,32.1011392229437,35.1665797577726,38.8634974345758,40.0222468431686,43.9136195677596,50.1651895347146,
IDA & IBRD total,IBT,Individuals using the Internet (% of population),1.56129767082484,2.19086677854148,3.67080864124592,4.78432811123371,6.1246239690911,7.24552774249316,8.87051044703737,11.4587830752636,14.1009475792528,16.8344489830502,20.5702223435756,23.4048392130252,26.5899827738554,29.2759527232471,32.7205043084315,34.6913960631493,37.5202086974011,43.323287272363,
IDA total,IDA,Individuals using the Internet (% of population),0.169209981800662,0.388529394078612,0.722849610488032,1.29125916354877,1.72026409366088,2.23432697209245,2.95725477954702,3.75984343797327,4.26812003216536,5.05124597578646,6.50087420359764,7.51637742692841,9.0065294841061,10.816145044558,13.7179042904947,18.4100260987603,18.2476082531591,22.9964303116938,
IDA blend,IDB,Individuals using the Internet (% of population),,0.733391441052576,1.44605399521447,2.7822365668771,3.59100472553187,4.54806692867629,5.6174887436995,6.38589231420559,7.13305225322527,8.12249605461371,9.55941529876918,11.2271929152489,13.1700618413751,15.3821615734144,17.7257316467826,24.6029457694124,20.8029340785739,28.3600644648698,
Indonesia,IDN,Individuals using the Internet (% of population),0.925563864466858,2.01861385948459,2.13413573295808,2.38701977959476,2.60028587633414,3.60202476259646,4.76481313366657,5.78627472934199,7.91747938492903,6.92,10.92,12.28,14.52,14.94,17.14,21.9760677113476,25.4473537,32.2924418958799,39.9046386462913
IDA only,IDX,Individuals using the Internet (% of population),0.14088672985975,0.212510357249845,0.35301052707873,0.53404691231453,0.771308665376991,1.05392257157719,1.51495286786543,2.42351204351106,2.73573805346366,3.40696313793207,4.90311947202785,5.60130096475609,6.85464578428929,8.47810846397482,11.6631815722405,15.2322266349123,16.9356725442987,20.2468525363358,
Isle of Man,IMN,Individuals using the Internet (% of population),,,,,,,,,,,,,,,,,,,
India,IND,Individuals using the Internet (% of population),0.527532449930946,0.660146377009928,1.53787558175083,1.68648997063625,1.97613649190559,2.38807499995774,2.80549986534254,3.95,4.38,5.12,7.5,10.07,12.5800609138955,15.1,21,17,22,34.45,
Not classified,INX,Individuals using the Internet (% of population),,,,,,,,,,,,,,,,,,,
Ireland,IRL,Individuals using the Internet (% of population),17.8504672405807,23.1388121904053,25.85,34.31,36.99,41.61,54.82,61.158324551,65.34,67.38,69.85,74.8899729670944,76.919992540097,78.2477,83.4917223351728,83.4947916666667,85.01113212,84.1140070623844,84.5223020568612
"Iran, Islamic Rep.",IRN,Individuals using the Internet (% of population),0.934190019959829,1.48422133163363,4.62617511492205,6.93372195304053,7.49,8.1,8.76,9.47,12.02,13.8,15.9,19,22.73,29.95,39.35,45.3349758846986,53.22677167,64.04397362,70.0045522180671
Iraq,IRQ,Individuals using the Internet (% of population),,0.1,0.5,0.6,0.9,0.9,0.95234424383919,0.93,1,1.06,2.5,5,7.1,9.2,13.21,58,21.23,49.35999889,75.0000013115036
Iceland,ISL,Individuals using the Internet (% of population),44.470533824288,49.3929953676426,79.12,83.14,83.88,87,89.51,90.6,91,93,93.39,94.8196868008949,96.2097995545657,96.5468,98.16,98.2,98.2400162999185,98.26,99.0109539916991
Israel,ISR,Individuals using the Internet (% of population),20.8737899981674,17.3786238639049,17.7645990630493,19.5933936579649,22.7704855254035,25.1940424216829,27.8810744577346,48.1280621948445,59.39,63.12,67.5,68.8738779907441,70.8,70.250311945,75.0177531628076,77.3520896572253,79.65312418,81.58118359,83.7331390569778
Italy,ITA,Individuals using the Internet (% of population),23.1108742441037,27.2221169788811,28.04,29.04,33.24,35,37.99,40.79,44.53,48.83,53.68,54.3899983018814,55.829997993283,58.4593,55.6384602242293,58.1417349568747,61.32425277,63.077347,74.3871829234822
Jamaica,JAM,Individuals using the Internet (% of population),3.11577802729967,3.8630203874764,6.1,7.8,10,12.8,16.4,21.1,23.6,24.3,27.67,37.438613414848,33.79,37.1,40.4027351046672,42.2212211907441,44.36685637,55.0720670507751,
Jordan,JOR,Individuals using the Internet (% of population),2.62327542156362,4.70571958094159,6.02553241191204,8.46600501623938,11.6587413706379,12.9328520457507,13.8671087882097,20,23,26,27.2,34.9,37,41.4,46.2,60.1143826895006,62.3021925670712,66.7903144326458,
Japan,JPN,Individuals using the Internet (% of population),29.9907403589142,38.5320608612719,46.5942011179917,48.4352658899653,62.3939296327259,66.9210661042901,68.6852703213795,74.3,75.4,78,78.21,79.0541135244739,79.4964,88.219428911,89.1068330166075,91.0580283929962,93.18272128,84.58806583,91.2816084864932
Kazakhstan,KAZ,Individuals using the Internet (% of population),0.668594402621264,1.00612421099739,1.67477099516366,2.00041475265872,2.6503946570164,2.96170749150089,3.26836905115978,4.02,11,18.2,31.6,50.6,61.9066274652008,63.30422443,66,70.82993359566,74.58772647,76.42674823,78.9039190578816
Kenya,KEN,Individuals using the Internet (% of population),0.318059713612037,0.619782266151425,1.20777388492125,2.94190286101524,3.02352804209621,3.10189770248496,3.6,4.4,5.2,6.1,7.2,8.8,10.5,13,16.5,16.5878548475992,16.6,17.8271002088645,
Kyrgyz Republic,KGZ,Individuals using the Internet (% of population),1.04140114469361,3.00294132719239,2.99926518003089,3.90876626828521,5.09038530732863,10.5338013405507,12.3069069959465,14.03,15.7,16,16.3,17.5,19.8,23,28.3,30.247042775311,37,38,
Cambodia,KHM,Individuals using the Internet (% of population),0.047022640068885,0.0769560555527296,0.226983237666204,0.260570197574002,0.300436644360101,0.317321781089656,0.468356720063827,0.49,0.51,0.53,1.26,3.1,4.94,6.8,14,6.43319107021405,32.39845171,32.44694856,40
Kiribati,KIR,Individuals using the Internet (% of population),1.78522547397736,2.33745894837722,2.5,3,3.5,4,4.5,6,7,8.97,9.07,10,10.7467976841839,11.5,12.25,12.99748389414,13.7,14.5818181818182,
St. Kitts and Nevis,KNA,Individuals using the Internet (% of population),5.86281024037522,7.71472655580319,21.152381758186,22.9697842928439,24.7376775443732,34,38.5,43.5,49.2,55.7,63,63.2,64,64.6,68,75.7,76.8176749076294,80.710190808323,
"Korea, Rep.",KOR,Individuals using the Internet (% of population),44.7,56.6,59.4,65.5,72.7,73.5,78.1,78.8,81,81.6,83.7,83.7591201534472,84.07,84.77,87.5568264944747,89.9,92.84302568,95.06942188,96.0228595797887
Kuwait,KWT,Individuals using the Internet (% of population),6.73139576837536,8.55179243431475,10.2489679289296,22.4029383804612,22.9271120360078,25.9261083689107,28.7911979549612,34.8,42,50.8,61.4,65.7690706867398,70.45,75.46,78.7,72,78.36738376,100,99.5988495907557
Latin America & Caribbean (excluding high income),LAC,Individuals using the Internet (% of population),3.36120750756335,5.05521295754094,8.30761726671529,10.6795916852462,13.8614421207777,16.0690648812773,20.215998659901,23.2083512265351,25.9309086674699,30.4710562562741,34.1500352706399,38.7184241711464,42.512344035334,45.6077222197174,48.0944207072118,53.7904404063163,56.3874741374994,62.5334296402846,65.739453251234
Lao PDR,LAO,Individuals using the Internet (% of population),0.111044032290124,0.181664460654566,0.267899241309349,0.333912466428616,0.361434490258043,0.850357490288917,1.16989342772256,1.64,3.55,6,7,9,10.747676189122,12.5,14.26,18.2,21.87,25.5104350823024,
Lebanon,LBN,Individuals using the Internet (% of population),7.95274373635276,6.78321977527715,7,8,9,10.14,15,18.74,22.53,30.14,43.68,52,61.249785718304,70.5,73,74,76.11,78.1807748907671,
Liberia,LBR,Individuals using the Internet (% of population),0.0177027057169472,0.033812227177592,0.0327133071190699,0.0318689345450327,0.0310111848040233,,,0.551376580555429,0.53,2,2.3,2.5,2.6,3.2,5.41,33,7.31910641139578,7.98447972152267,
Libya,LBY,Individuals using the Internet (% of population),0.187042622337565,0.366533175284228,2.24441822165946,2.81451798740855,3.53283816154549,3.91778797710285,4.30105178913002,4.72199937850513,9,10.8,14,14,,16.5,17.76,19.016079781565,20.27215956269,21.7589206159252,
St. Lucia,LCA,Individuals using the Internet (% of population),5.09048334139327,8.18186395448366,14.6418357746777,20.9824734633424,21.395212362765,21.5675829464215,24.5,27.9,30,31,32.5,34,34.82,36,39.7,42.530930474403,46.7290780591803,50.8152447764038,
Latin America & Caribbean,LCN,Individuals using the Internet (% of population),3.88445540359558,5.63092332263949,8.8525507155636,11.2655071349164,14.3980321287753,16.6160568071751,20.7533781650371,23.7118466917791,26.514043797905,31.0392955545176,34.7021411941668,39.3384906817656,43.1628933561664,46.2373336353921,48.6070157049294,54.6161404817287,57.3546142720993,63.2182251081196,65.8062854383606
Least developed countries: UN classification,LDC,Individuals using the Internet (% of population),0.0996904057417795,0.144833876922816,0.236758181804958,0.356628732499322,0.556862347273282,0.788316919724701,1.11849520461145,1.9239608689546,2.10956445292671,2.68628150050055,4.12030349929693,4.74853036756793,6.01321918441524,7.48580306522419,10.7120019563054,13.700161664687,15.0609352442119,18.2496988224006,
Low income,LIC,Individuals using the Internet (% of population),0.0978869978268834,0.137874191160006,0.29282756160728,0.456945649826893,0.674155524227209,0.952728899161521,1.29131622816829,1.79732212990151,2.45206220788409,3.16351949634922,4.2014557921291,4.6794513748933,5.65677153092862,6.9652345248326,8.55998000287208,12.1981380706785,13.0829086294098,16.4386660810544,
Liechtenstein,LIE,Individuals using the Internet (% of population),36.5152298938015,45.1168526483592,59.4707106749926,58.8096918372148,64.0074481394199,63.3713561470216,64.2141613630526,65.080218443168,70,75,80,85,89.4077,93.8,95.21,96.6411950959488,98.0939038921672,98.1,
Sri Lanka,LKA,Individuals using the Internet (% of population),0.647410010940963,0.793821864362622,1.05042270585318,1.45858022842408,1.44615998041486,1.79204679392588,2.53756612897332,3.88,5.8,8.78,12,15,18.2854,21.9,25.8,12.1,16.4,34.1133478999619,
Lower middle income,LMC,Individuals using the Internet (% of population),0.56103077623594,0.874867745465721,1.59742323115277,2.10174830451581,2.92582402427112,3.68075366176146,4.57021035732128,5.75553291802416,6.75748839183001,7.77511016500105,10.7055827686978,12.9036302427539,15.4174259622684,18.0350023594103,22.559375678119,22.6107350740932,26.0708923976379,34.716073808246,
Low & middle income,LMY,Individuals using the Internet (% of population),1.44176347479661,2.04873920285442,3.44434765890679,4.52271634054105,5.80833147487782,6.89142007849822,8.46645632485871,11.038382618249,13.6515836801694,16.348118156438,20.0745390688864,22.9064280775081,26.1084401646441,28.9274405213657,32.3764414844396,34.3246548910997,37.1359991006009,43.0069475714592,
Lesotho,LSO,Individuals using the Internet (% of population),0.211806070361977,0.261150063093855,1.08394313737534,1.53249659019509,2.17552433931097,2.58024548419449,2.97970818724486,3.44543125970873,3.58,3.72,3.86,7,10,15,22,25,27.36,29,
Late-demographic dividend,LTE,Individuals using the Internet (% of population),2.46939231568441,3.55747178208092,5.90932695255329,8.02143040026333,10.362211385503,12.2760642670335,15.1227721106092,19.9670577925976,25.1970113838956,30.6000245197998,36.0373430789403,40.0504438820325,44.7107617616052,48.3719501812781,50.9167210254519,53.3764299192314,56.7518719524841,59.2428246582081,
Lithuania,LTU,Individuals using the Internet (% of population),6.42706749477765,7.17935699381369,17.69,25.91,31.23,36.22,43.9,49.9,55.22,59.76,62.12,63.6399774002179,67.2299893276414,68.4529,72.13,71.378,74.37664556,77.61525651,79.7225827680518
Luxembourg,LUX,Individuals using the Internet (% of population),22.8873279731211,36.163422506306,39.84,54.55,65.88,70,72.51,78.92,82.23,87.31,90.62,90.0298585646936,91.9499237417387,93.7765,94.67,96.38,98.13669867,97.36296032,97.061298705829
Latvia,LVA,Individuals using the Internet (% of population),6.31906208267861,7.21934580836289,21.94,26.98,38.58,46,53.63,59.17,63.41,66.84,68.42,69.7499545592245,73.1199437663748,75.2344,75.83,79.2006,79.84209778,80.114077,83.5771748630956
"Macao SAR, China",MAC,Individuals using the Internet (% of population),13.6085897418451,22.5212167700561,25.1718801643395,25.7421239826498,31.4840973824121,34.8629271733959,46.4,47.327,49.24,54,55.198,60.2036967182195,61.31,65.8,69.78,77.6001318608868,81.64298546,83.17408907,83.7940896091516
St. Martin (French part),MAF,Individuals using the Internet (% of population),,,,,,,,,,,,,,,,,,,
Morocco,MAR,Individuals using the Internet (% of population),0.693791244805455,1.37143810096418,2.37325319241544,3.35336668122363,11.6079347729582,15.0844445240204,19.7711915653115,21.5,33.1,41.3,52,46.107482597,55.4160531914894,56,56.8,57.08,58.27123642,61.76221201,64.8038651924043
Monaco,MCO,Individuals using the Internet (% of population),42.1848634460346,46.6461423640265,48.0471171729696,49.4911689195459,52.4901966838546,55.4648260561427,61.4760397135217,64.3776824034335,67.25,70.1,75,80.3,87,90.7,92.4,93.3633020180933,95.2081779700534,97.0529768369275,
Moldova,MDA,Individuals using the Internet (% of population),1.28284641670022,1.48781295215565,3.78724279887342,7.40754458415897,10.629390841654,14.6302704551796,19.6206477051634,20.45,23.39,27.5,32.3,38,43.37,60,67,69,70.99999911,76.1245198931608,
Madagascar,MDG,Individuals using the Internet (% of population),0.196394691006341,0.222511586178292,0.339720154596142,0.423252419277809,0.525353654946669,0.567721802237403,0.607552238860378,0.65,1.65,1.63,1.7,1.9,2.3,3,3.7,4.173972190007,4.713662899498,9.8,
Maldives,MDV,Individuals using the Internet (% of population),2.2038729393788,3.61729064930367,5.3477651689359,5.97659284988557,6.58825487530861,6.86960506696215,11.0363527828647,16.3,23.2,24.8,26.53,34,38.9301,44.1,49.28,54.461955146942,59.0925899654109,63.1856658848485,
Middle East & North Africa,MEA,Individuals using the Internet (% of population),1.70756804876231,2.09814805179304,3.78026306496792,5.15698288620121,8.43172154163906,9.84171626241337,11.8829065321517,15.1290833665656,18.838487750071,21.7389130799282,25.0327265202501,28.0057763095061,31.8011280817312,35.5087288962923,40.4000183025069,47.9201073132804,48.4946922583944,56.2157638821613,65.1449720538353
Mexico,MEX,Individuals using the Internet (% of population),5.08138415338066,7.0380231165045,11.9,12.9,14.1,17.21,19.52,20.81,21.71,26.34,31.05,37.1762954125184,39.75,43.46,44.39,57.4310429923633,59.540446,63.85224909,65.7726344759233
Marshall Islands,MHL,Individuals using the Internet (% of population),1.53427179624871,1.7066140776699,2.33544457522934,2.5697503671072,3.59977681383754,3.8787023977433,3.79559021427832,3.95,4.6,5.6,7,10,12.5,14,16.8,19.282441803511,29.7877793626081,38.701162619829,
Middle income,MIC,Individuals using the Internet (% of population),1.5672712451878,2.23015677600143,3.74799418995199,4.92006059740255,6.31675725739676,7.48357986025211,9.18431306019834,11.9981052677835,14.8424036870027,17.7711007162712,21.7641840823716,24.9155428472665,28.3947442539083,31.3519728562786,35.0434040604333,36.8383056138023,39.9099292387643,46.118026465516,
North Macedonia,MKD,Individuals using the Internet (% of population),2.48556631640066,3.46818460849398,17.33,19.07,24.44,26.45,28.62,36.3,46.04,51.77,51.9,56.7,57.449947312961,65.24,68.06,70.3802,72.15681447,74.51682418,79.1677551850871
Mali,MLI,Individuals using the Internet (% of population),0.142545755049184,0.185897413256084,0.2270455784917,0.310364443230575,0.432819639900985,0.507063135952247,0.729627280833101,0.81,1.57,1.8,2,2.2,2.8,3.5,7,10.33,11.1121864890589,13,
Malta,MLT,Individuals using the Internet (% of population),13.1137087111024,17.8778483243348,28.92,31.64,34.62,41.24,40.41,46.9,50.08,58.86,63,68.0198237885462,68.1998742928975,68.9138,73.17,75.96,78.0751488032182,81.0119110762945,81.6580454874453
Myanmar,MMR,Individuals using the Internet (% of population),,0.000289277380848561,0.00042649350636189,0.0240641491408465,0.024337392002823,0.0652388555011476,0.18204833106115,0.217128445069958,0.22,0.22,0.25,0.98,4,8,11.52,21.72583401,25.07330424,30.6781831132592,
Middle East & North Africa (excluding high income),MNA,Individuals using the Internet (% of population),0.861165423496965,1.15886741824994,2.83364423292759,4.07063631542006,7.49728656496901,8.62479292685604,10.0116952355462,11.9792138252415,15.1267797123267,17.8695733625643,20.8490287449386,23.1344719047693,26.4044591916279,29.92718801056,34.9445409688208,43.2279229192634,43.218212177006,51.1623028931429,59.6425008317772
Montenegro,MNE,Individuals using the Internet (% of population),,,,,25.3500686036232,27.1,28.9,30.8,32.9,35.1,37.5,35.6115412460109,56.8387825490631,60.31,61,68.1195810359317,69.88164684,71.27233254,71.51712879353
Mongolia,MNG,Individuals using the Internet (% of population),1.25565200358112,1.65323823906982,2.0395726034818,,,,,9,9.8,10,10.2,12.4999911084745,16.4,17.699984237,19.9424474349209,22.5000041337688,22.2657705,23.7142651737061,47.1609401961253
Northern Mariana Islands,MNP,Individuals using the Internet (% of population),,,,,,,,,,,,,,,,,,,
Mozambique,MOZ,Individuals using the Internet (% of population),0.109592530041641,0.160031946644069,0.259612611253739,0.419538843913707,0.679447835392438,0.854357118107528,0.842954488044236,0.91,1.56,2.68,4.17,4.3,6,7.29393733,9.236314896,16.93353299,17.5212390868424,10,
Mauritania,MRT,Individuals using the Internet (% of population),0.192031462434805,0.261448551967195,0.363229414608579,0.424004895843197,0.481470438230954,0.669966474877597,0.97966125273203,1.43361319586788,1.87,2.28,4,4.5,5,6.2,10.7,15.199126690825,18,20.80096366143,
Mauritius,MUS,Individuals using the Internet (% of population),7.28153511499385,8.78090401892036,10.252624671916,12.1871062041308,13.6890885885342,15.1722287524914,16.7,20.22,21.81,22.51,28.33,34.95,35.42,40.116825135,44.8032753683379,50.1393184766711,52.19132594,55.4032403002657,58.596169704299
Malawi,MWI,Individuals using the Internet (% of population),0.126780944756387,0.164020725330811,0.21509472652259,0.278815116302304,0.347505334967577,0.384489334082782,0.425137489606563,0.965864736553132,0.7,1.07,2.26,3.33,4.3506,5.05,5.83,5.3,11.47,13.7821643919877,
Malaysia,MYS,Individuals using the Internet (% of population),21.3847311644538,26.6959725007084,32.3382043389359,34.9711523397291,42.2522656295248,48.629170245984,51.6379889864403,55.7,55.8,55.9,56.3,61,65.8,57.05751226,63.6654258813225,71.0640678111957,78.78830993,80.14047901,81.2010486181174
North America,NAC,Individuals using the Internet (% of population),43.8841640809698,50.1686287650263,59.0588592010351,61.9412897084349,64.8750121460754,68.3304403496209,69.2730261938856,74.8221899816302,74.2688086987766,71.9250963998418,72.5489982887815,71.056958434032,75.5335297673999,72.8493027183661,74.4252310539038,76.1172938307629,86.1149971059574,87.6470502224103,
Namibia,NAM,Individuals using the Internet (% of population),1.64473954726899,2.41697944170998,2.63369976876116,3.35983988553801,3.8047156152631,4.01004664442375,4.39887064732726,4.83561077833704,5.32900377208954,6.5,11.6,12,12.9414,13.9,14.84,25.68785182,31.0333459383454,51,
New Caledonia,NCL,Individuals using the Internet (% of population),13.9395488232698,18.2371097828416,22.389797417113,26.4083344703588,30.2980462088488,32.3590147531561,33.5157146807209,35.05,34.51,33.99,42,50,58,66,70,74.00175279141,,82.0058408035186,
Niger,NER,Individuals using the Internet (% of population),0.0362612938065891,0.10518543139701,0.127152468779619,0.155698703668983,0.189933733703092,0.221341351487395,0.294033977096223,0.390390619762082,0.7,0.76,0.83,0.9,1.05,1.15,1.24867568902241,2.476219975,4.32275803028068,10.22431156,5.25048768669473
Nigeria,NGA,Individuals using the Internet (% of population),0.0640808079494101,0.089901370457273,0.320461975542327,0.558576244860521,1.28613764134527,3.54915571796492,5.54503608300536,6.77,8,9.3,11.5,13.8,16.1,19.1,21,36,25.67,42,
Nicaragua,NIC,Individuals using the Internet (% of population),0.980216486692385,1.44879942820716,1.71472958428668,1.88041253242301,2.32066460863941,2.56635117656203,2.8055730627337,3.9,5.3,7.3,10,10.6,13.5,15.5,17.6,19.704291498993,24.5718339595365,27.8630400087748,
Netherlands,NLD,Individuals using the Internet (% of population),43.984351373138,49.3730621073123,61.29,64.35,68.52,81,83.7,85.82,87.42,89.63,90.72,91.4199957622284,92.859992359525,93.9564,91.666666,91.7241379310345,90.4109589,93.19727891,94.7120737217303
Norway,NOR,Individuals using the Internet (% of population),52,64,72.84,78.13,77.69,81.99,82.55,86.93,90.57,92.08,93.39,93.4899826515194,94.6499780533304,95.0534,96.3,96.8103,97.29820367,96.3576013,96.4916579887094
Nepal,NPL,Individuals using the Internet (% of population),0.204651683653029,0.240015303375743,0.312956060108532,0.382810917017044,0.449843651215974,0.82655126590551,1.14138916388191,1.41,1.73,1.97,7.93,9,11.1493,13.3,15.44,17.58161800656,19.688763836629,34,
Nauru,NRU,Individuals using the Internet (% of population),,2.98715523250025,,,,,,,,,,54,,,,,,57,
New Zealand,NZL,Individuals using the Internet (% of population),47.3795565432096,53.2410152941279,59.0807532812931,60.9625398663824,61.8476278106481,62.7202123689541,69,69.76,72.03,79.7,80.46,81.23,81.644470179502,82.78,85.5,88.22288881795,88.470186347099,90.8110930723827,
OECD members,OED,Individuals using the Internet (% of population),27.8843173069017,33.417914151159,41.5437181609937,45.7673275814136,50.6019264459056,54.2170670065093,56.6960308282291,61.9746778150506,64.0294900723923,65.449391474847,67.7367619207762,68.6422017583691,71.048562152628,72.3613553589321,73.9774338032517,76.4930842793664,80.7107710199396,81.7149077903853,82.5248536095399
Oman,OMN,Individuals using the Internet (% of population),3.52042141651097,5.89384152148671,6.87339603918545,7.25574294536556,6.75885217024525,6.68358142020519,8.299716672503,16.68,20,26.8,35.8278,48,60,66.45,70.22,73.53,76.84539047,80.185635733257,
Other small states,OSS,Individuals using the Internet (% of population),5.39398312921704,6.64752296611917,8.61500534762978,10.3695073667132,12.1798257492868,12.9382032467353,14.3337650836116,16.1884856616058,18.8306397970262,20.8552510270155,24.4909812335054,28.1102517413223,31.4428329948374,36.3468113959083,40.1529964234949,43.6449510577874,46.2910498262805,52.850050362276,
Pakistan,PAK,Individuals using the Internet (% of population),,1.31855077925626,2.57742673683831,5.04115812592502,6.16432098534156,6.33232909830782,6.5,6.8,7,7.5,8,9,9.96,10.9,12,14,12.38544676,15.51,
Panama,PAN,Individuals using the Internet (% of population),6.55479647729549,7.26839987788729,8.51807781515595,9.98742407723405,11.1408625409415,11.4840092783071,17.3495661695931,22.29,33.82,39.08,40.1,42.7,40.3018952210488,44.03,44.92,51.2054249948687,54,57.8650900656079,
Peru,PER,Individuals using the Internet (% of population),3.07643061137675,7.57876295717419,8.96694917040028,11.6,14.1,17.1,20.7,25.2,30.57,31.4,34.77,36.01,38.2,39.2,40.2,40.8526009090468,45.46174069,48.72763146,52.5403101713654
Philippines,PHL,Individuals using the Internet (% of population),1.98225319605827,2.52400566008269,4.33227574643007,4.85767226708512,5.2436284521711,5.3976363293955,5.74058632534702,5.97,6.22,9,25,29,36.2351,48.099023589,49.6,36,55.5,60.0547603336913,
Palau,PLW,Individuals using the Internet (% of population),,,20.243939470621,21.6015271777354,26.9703326341025,,,,,,,,,,,,,,
Papua New Guinea,PNG,Individuals using the Internet (% of population),0.835249302427624,0.904103545170821,1.3216569348661,1.37440466802801,1.5079127722725,1.71619047556782,1.754487260668,1.79055936140245,1.15,1.61,1.28,2,3.5,5.1,6.5,7.9,9.60153846153846,11.2091965928578,
Poland,POL,Individuals using the Internet (% of population),7.2854287080601,9.9006697073534,21.15,24.87,32.53,38.81,44.58,48.6,53.13,58.97,62.32,61.94999896898,62.3099972714691,62.8492,66.6,67.997,73.3007041,75.98536595,77.5417345350006
Pre-demographic dividend,PRE,Individuals using the Internet (% of population),0.123238183798478,0.187289172891093,0.363513133269469,0.645308110141227,0.988132485523726,1.71864123246252,2.46109717205011,3.31110193856206,3.67065151737932,4.37399199507619,6.11904011626366,7.09793321169161,8.58560482018592,10.3258241794619,12.7661817215731,20.2604592251498,16.5090306984056,24.0610550758668,
Puerto Rico,PRI,Individuals using the Internet (% of population),10.4746482089399,15.6300309162012,17.5476475654777,19.7070256578252,22.1307382347014,23.4000504486583,25.4424182102582,27.86,38,41.5,45.3,48,68.9999826014151,68.999990004,,63.47,68.6438072,70.59787359,
"Korea, Dem. Peoples Rep.",PRK,Individuals using the Internet (% of population),0,0,0,0,0,0,0,0,0,0,0,0,0,,,,,,
Portugal,PRT,Individuals using the Internet (% of population),16.4304676923534,18.0871365595338,19.37,29.67,31.78,34.99,38.01,42.09,44.13,48.27,53.3,55.2499968797194,60.3399974868057,62.0956,64.59,68.6329,70.42356709,73.79121395,74.6609681128324
Paraguay,PRY,Individuals using the Internet (% of population),0.747630711548184,1.09879383569333,1.79496959770244,2.11194208210034,3.45243843137079,7.90700786141285,7.96207388394416,11.21,14.27,18.9,19.8,24.7635158793993,29.34,36.9,43,49.72,53.40412748,61.07575622,64.9935430235756
West Bank and Gaza,PSE,Individuals using the Internet (% of population),1.11130620708969,1.83685483917877,3.10009223512517,4.13061635632919,4.40090482603223,16.005,18.41,21.176,24.358,32.23,37.4,41.08,43.4,46.6,53.67,57.42419241388,61.17838482746,65.2,64.3999937114499
Pacific island small states,PSS,Individuals using the Internet (% of population),1.45823070516826,1.8610784459941,3.99388220807923,4.54474215811053,5.1695687642523,5.57615283171781,6.48947051281446,7.38974578432194,8.68941578422154,10.8684669545756,12.9611649582746,17.5998979346836,20.6144847118664,21.861886073389,24.5133142106206,27.6383027368143,30.236064508133,32.7039634145311,
Post-demographic dividend,PST,Individuals using the Internet (% of population),30.5592875524477,36.6625481691906,44.7000192253114,49.7846814265137,54.9777006172731,58.50482512776,60.4365352044941,65.6847350335987,67.6812549954172,68.8943191344564,71.0078451920983,71.4527127912395,74.2481614621629,75.7460868232908,77.4032074997229,78.7188821390999,83.2046121522444,83.8207586498311,
French Polynesia,PYF,Individuals using the Internet (% of population),6.3570635452072,6.25158894552365,8.20021648571522,14.1242937853107,17.8845374263753,21.5421854743002,25.1079642462589,28.59,33.87,44.6,49,49,52.8766305867993,56.8,60.68,64.560209747212,68.440419493378,72.7038953132942,
Qatar,QAT,Individuals using the Internet (% of population),4.86367917875156,6.17026856093911,10.2261289281118,19.242336421002,20.701647851169,24.733493781051,28.9741127135829,37,44.3,53.1,69,69,69.3,85.3,91.49,92.8848264535481,95.1246621661148,97.3888491654164,99.6528491261175
Romania,ROU,Individuals using the Internet (% of population),3.61371729139783,4.53866902895312,6.58,8.9,15,21.5,24.66,28.3,32.42,36.6,39.93,40.0099967810008,45.8799942529424,49.7645,54.08,55.7632,59.50395129,63.74728218,70.6812779273268
Russian Federation,RUS,Individuals using the Internet (% of population),1.97723010897647,2.94436778664985,4.12827181796644,8.29886061553908,12.8593889008474,15.2266731976522,18.0232774617216,24.66,26.83,29,43,49,63.8,67.97,70.52,70.1,73.09143462,76.00813853,80.8647214200397
Rwanda,RWA,Individuals using the Internet (% of population),0.0628314595107164,0.240672409832383,0.292784718792575,0.356918467272361,0.43085424337006,0.556041164839515,,2.11538717825754,4.5,7.7,8,7,8.02385427694765,9,10.6,18,20,21.7676326213782,
South Asia,SAS,Individuals using the Internet (% of population),0.475928509299902,0.664542970345947,1.46664446825556,1.84665677654019,2.1900753744214,2.55564645664168,2.99224040806596,3.98381730183109,4.42625968942614,5.16686609553699,7.21973969713248,9.41001702905328,11.5311286535912,13.7606188573742,19.0593018778098,16.2234730219156,20.2398494771729,30.0991840496481,
Saudi Arabia,SAU,Individuals using the Internet (% of population),2.21069180908888,4.6810531658103,6.38470501955932,8.00158289090878,10.2345329969583,12.7050359882849,19.4595543513634,30,36,38,41,47.5,54,60.5,64.713657369019,69.6162358014004,74.87927469,82.12000121,93.3100018480347
Sudan,SDN,Individuals using the Internet (% of population),0.0257850324762484,0.140185224494161,0.439477639075583,0.538471703150458,0.791561615446385,1.29204067798853,,8.66,,,16.7,17.46,21,22.7,24.64,26.61,14.09999994,30.8702957284927,
Senegal,SEN,Individuals using the Internet (% of population),0.403967485868965,0.983794058848003,1.00645453672323,2.10143642986685,4.38602398008563,4.78668408310535,5.61173865217952,6.89,7.12,7.5,8,9.8,10.8,13.1,17.7,27,25.6647680413953,46,
Singapore,SGP,Individuals using the Internet (% of population),36,41.6704251756041,47,53.8379432881911,62,61,59,69.9,69,69,71,71,72,80.90205685,79.0292358633435,79.0129570025584,84.45226789,84.44953878,88.1656360313447
Solomon Islands,SLB,Individuals using the Internet (% of population),0.481296806114395,0.468551963584141,0.501919843401009,0.555609881855115,0.64967267325146,0.844307572805697,1.64634798857435,2,3,4,5,6,6.9974,8,9,10.000464982561,11.000902271205,11.9242290619686,
Sierra Leone,SLE,Individuals using the Internet (% of population),0.118254245682183,0.160264445493032,0.176198956814076,0.190173281668183,0.203007680592588,0.215391610340129,0.227669467190838,0.239834698546233,0.25,0.26,0.58,0.9,2.5,4,6.057298984,6.344421603,11.77318438,9,
El Salvador,SLV,Individuals using the Internet (% of population),1.17739726914477,1.5,1.9,2.5,3.2,4.2,5.5,6.11,10.08,12.11,15.9,18.9,20.3213877242007,23.1093,24.7617121459061,26.8026049600572,28.997073045597,33.8207289,
San Marino,SMR,Individuals using the Internet (% of population),48.7994953055999,50.3416690898517,50.8348399446985,50.003453038674,50.5663430420712,50.2595641966736,50.2086593635889,50.3648221088655,54.52,54.21,,49.6,,,,,,60.1823012607528,
Somalia,SOM,Individuals using the Internet (% of population),0.02,0.0790391786670095,0.115614213354469,0.376198002539086,1.05345474358422,1.07732783912096,1.10021636808277,1.12223562161375,1.14268737216185,1.16061054246061,,1.25,1.3767,1.5,1.63,1.76,1.88,2.00404869843096,
Serbia,SRB,Individuals using the Internet (% of population),,,,,23.5,26.3,27.2,33.15,35.6,38.1,40.9,42.2,48.1,53.450364175,62.0750804639377,65.3170254003801,67.05684137,70.33083553,73.360709154564
Sub-Saharan Africa (excluding high income),SSA,Individuals using the Internet (% of population),0.500111927376875,0.639732242003933,0.825539085907052,1.1034662002361,1.49643281025969,2.02990115174056,2.70103652282748,3.48265938213061,3.88241882188385,4.60449853294834,7.00094621946545,8.39563907886823,10.2828145015313,12.3604501635377,15.053229755417,20.7427253305349,19.3377426209217,25.4122688607594,
South Sudan,SSD,Individuals using the Internet (% of population),,,,,,,,,,,,,,3.829969245,4.51615373,5.5,6.6797280510287,7.97742890716027,
Sub-Saharan Africa,SSF,Individuals using the Internet (% of population),0.500951379844348,0.640984265797682,0.82715554800862,1.10508030139709,1.49913624258177,2.03265443280183,2.70502061809509,3.48658471714816,3.88665182739957,4.60449853294834,7.00460756754665,8.39925610293002,10.2865684747854,12.3642174534025,15.0567497459365,20.7459232263524,19.3412224294041,25.4153314965117,
Small states,SST,Individuals using the Internet (% of population),5.00670233202205,6.6865011516551,8.93622321321785,10.8675511256895,12.6378359781824,13.7175681562154,15.3535860979244,17.3588682683696,20.0017815814425,22.4349948649496,25.9464678357027,30.2193998619698,32.9295707118933,37.1796115386536,40.7604061812258,43.9283401245331,46.5637305228534,52.796543904598,
Sao Tome and Principe,STP,Individuals using the Internet (% of population),4.6385168164075,6.31091788794615,7.580665168911,10.1618443069961,13.3228526892178,13.759484215906,14.1820197774712,14.5904831987414,15.48,16.41,18.75,20.1612,21.5724,23,24.41,25.82,28,29.9312292018213,
Suriname,SUR,Individuals using the Internet (% of population),2.50641105226881,3.06444838873752,4.1615687449541,4.71987539528956,6.0760478144456,6.40308628759062,9.49962694173364,14.11,21.06,31.36,31.59,32,34.6812,37.4,40.08,42.763827782511,45.4,48.9451739738554,
Slovak Republic,SVK,Individuals using the Internet (% of population),9.42680320061637,12.5283218484637,40.14,43.04,52.89,55.19,56.08,61.8,66.05,70,75.71,74.4399971746757,76.7099901181121,77.8826,79.98,77.6347,80.47585728,81.62566752,80.660335563768
Slovenia,SVN,Individuals using the Internet (% of population),15.1102595640388,30.1759104700854,27.8388854180687,31.8547930120441,40.81,46.81,54.01,56.74,58,64,70,67.3399948092396,68.3499745287825,72.6756,71.59,73.0987,75.49850426,78.88542636,79.7499765956562
Sweden,SWE,Individuals using the Internet (% of population),45.6876522122282,51.7656649372808,70.57,79.13,83.89,84.83,87.76,82.01,90,91,90,92.7699860554046,93.1799880065108,94.7836,92.52,90.6102,89.65094761,95.51006745,92.1416770535508
Eswatini,SWZ,Individuals using the Internet (% of population),0.926191777269401,1.28159005046719,1.81620380712642,2.43707385055863,3.22868507316111,3.69696107291824,3.69653878906882,4.1,6.85,8.94,11.04,18.13,20.7817825772944,24.7,26.17500573,25.64304231,28.5735227827685,47,
Sint Maarten (Dutch part),SXM,Individuals using the Internet (% of population),,,,,,,,,,,,,,,,,,,
Seychelles,SYC,Individuals using the Internet (% of population),7.39562918315276,11.0151029300174,14.3041708309972,14.5925043169492,24.2721392249906,25.4132681462836,34.95197117065,38.38,40.44,,41,43.16400446,47.076,50.4,51.25470199,54.25961786,56.5147081470678,58.769811242531,
Syrian Arab Republic,SYR,Individuals using the Internet (% of population),0.181698580104333,0.353759130007247,2.09310101861765,3.39797261356623,4.32159377785571,5.64810604883917,7.83255156888787,11.5,14,17.3,20.7,22.5,24.3001,26.2,28.09,29.979797235769,31.869627268866,34.2534019252321,
Turks and Caicos Islands,TCA,Individuals using the Internet (% of population),,,,,,,,,,,,,,,,,,,
Chad,TCD,Individuals using the Internet (% of population),0.03570707628555,0.0459341343557353,0.166069664674347,0.320308555366775,0.360920107034467,0.399257700084004,0.581045764229641,0.847224520710968,1.19,1.5,1.7,1.9,2.10000000005453,2.5,2.9,3.5,5,6.49999811951501,
East Asia & Pacific (IDA & IBRD countries),TEA,Individuals using the Internet (% of population),1.91834617568113,2.81298348138187,4.46074903465608,5.83550071302029,6.97001660022154,8.41782314253582,10.2960422798831,14.5654376913373,19.5137088127271,24.0859015493009,29.3405130466642,32.8066999043968,36.5291594660845,39.7164193738067,42.0618027503957,44.2904169012046,48.7288078320717,51.1687446617394,
Europe & Central Asia (IDA & IBRD countries),TEC,Individuals using the Internet (% of population),2.50101155138796,3.60385750917782,6.60209598051572,9.1213932889778,12.9213106446241,15.0645048905096,17.8430892609336,23.0680841952927,26.6502703896943,30.4274160484348,38.1363445838502,42.5553088825453,50.1062173659685,53.7765064765771,57.8326992228752,59.6719166599152,63.514764314534,67.3707225930819,73.520921529994
Togo,TGO,Individuals using the Internet (% of population),0.8,0.9,1,1.2,1.5,1.8,2,2.2,2.4,2.6,3,3.5,4,4.5,5.7,7.12,11.31,12.36022497,
Thailand,THA,Individuals using the Internet (% of population),3.68904127944164,5.55632612097332,7.53125033488567,9.29902723805965,10.6773033237281,15.0260043588909,17.1607147169285,20.03,18.2,20.1,22.4,23.669925618731,26.46,28.94,34.89,39.3161267365004,47.50496562,52.89192934,56.8174809301456
Tajikistan,TJK,Individuals using the Internet (% of population),0.048599594582182,0.0512591325352927,0.0554628269910006,0.0645837771508553,0.0774799071356825,0.298690023682825,3.77240620666448,7.19761951797855,8.78,10.07,11.55,13.03,14.51,16,17.49,18.980000000495,20.470000000055,21.959999999615,
Turkmenistan,TKM,Individuals using the Internet (% of population),0.13328218259348,0.175209517731422,0.302132016152841,0.425182631884743,0.754053982724623,0.997256558542959,1.3195731180963,1.40636068812023,1.75,1.95,3,5,7.1958,9.6,12.2,14.996774820447,17.990324461341,21.2509974103691,
Latin America & the Caribbean (IDA & IBRD countries),TLA,Individuals using the Internet (% of population),3.90354296634325,5.6466969057912,8.87928661990665,11.3104058751309,14.4445905319762,16.6847773885544,20.8944023158153,23.9048360596882,26.6835339517378,31.2774536200019,34.9761650872737,39.6999637739666,43.3896547168292,46.41458086218,48.9358794725547,54.8571419019332,57.524676380888,63.2598863874371,65.8062854383606
Timor-Leste,TLS,Individuals using the Internet (% of population),,,0,,,0.0990317678179026,0.5,1,1.5,2,3,4,7,11,17.5,23,25.24624959,27.4927317258886,
Middle East & North Africa (IDA & IBRD countries),TMN,Individuals using the Internet (% of population),0.857976089603048,1.15088851158884,2.83049722832887,4.06992734823633,7.53392192881178,8.5371916738287,9.91140887281184,11.868513086363,15.0146750039573,17.6937325834104,20.6449973373033,22.9121340250944,26.1890997940771,29.7190970854109,34.7099199750472,43.049173168066,42.990688216505,50.9832270968278,59.5675021888616
Tonga,TON,Individuals using the Internet (% of population),2.4343980443669,2.82537183911525,2.90729731626382,2.98581736750435,3.95237389457043,4.90778276190383,5.85394409483389,7.17986532901248,8.11076994380395,10,16,25,30,32.75396061,35.95444145,38.65127243,39.95,41.248727643705,
South Asia (IDA & IBRD),TSA,Individuals using the Internet (% of population),0.475928509299902,0.664542970345947,1.46664446825556,1.84665677654019,2.1900753744214,2.55564645664168,2.99224040806596,3.98381730183109,4.42625968942614,5.16686609553699,7.21973969713248,9.41001702905328,11.5311286535912,13.7606188573742,19.0593018778098,16.2234730219156,20.2398494771729,30.0991840496481,
Sub-Saharan Africa (IDA & IBRD countries),TSS,Individuals using the Internet (% of population),0.500951379844348,0.640984265797682,0.827155548008619,1.10508030139709,1.49913624258177,2.03265443280183,2.70502061809509,3.48658471714816,3.88665182739956,4.60449853294834,7.00460756754665,8.39925610293001,10.2865684747854,12.3642174534025,15.0567497459365,20.7459232263524,19.3412224294041,25.4153314965117,
Trinidad and Tobago,TTO,Individuals using the Internet (% of population),7.72141147401745,15.384627218944,21.9986754804449,25.9717641091609,27.0242700782714,28.9767124326784,30.0037485791676,32.3,34.8,44.3,48.5,55.2,59.5162,63.8,65.1,69.198470608693,73.296941218486,77.3260529262867,
Tunisia,TUN,Individuals using the Internet (% of population),2.75074029298135,4.29796603474685,5.25288729548421,6.49084579532797,8.52881775162591,9.65508654217982,12.9864086534204,17.1,27.53,34.07,36.8,39.1,41.4416,43.8,46.16,46.5,49.59999484,64.1908102327387,64.1908102327387
Turkey,TUR,Individuals using the Internet (% of population),3.761685035075,5.18948146078506,11.38,12.33,14.58,15.46,18.24,28.63,34.37,36.4,39.82,43.065710430925,45.13,46.25,51.04,53.7449791423583,58.34773401,64.68461768,71.0427610728292
Tuvalu,TUV,Individuals using the Internet (% of population),5.24163958486214,,,,,,,10,15,20,25,30,35,37,39.2,42.7,46.0091515110578,49.3183386210322,
Tanzania,TZA,Individuals using the Internet (% of population),0.11719444010825,0.171300350668948,0.222484413923909,0.676962856510303,0.87757497099259,1.1,1.3,1.6,1.9,2.4,2.9,3.2,3.95,4.4,7,20,13,25,
Uganda,UGA,Individuals using the Internet (% of population),0.163714063074854,0.237945087191408,0.384093504951945,0.464849840113968,0.719970679914031,1.7422055032439,2.52936303826279,3.67196535074744,7.9,9.78,12.5,13.01354333,14.1,15.5,16.9,17.83485947,21.87617046,23.7065309106142,
Ukraine,UKR,Individuals using the Internet (% of population),0.716183762031043,1.23875954748114,1.87388511643427,3.14812758815439,3.4894778812677,3.749764414659,4.50612456357379,6.55,11,17.9,23.3,28.7082628400713,35.27,40.954128997,46.2359754571651,48.8846436813218,53,58.88947945,62.5531553933869
Upper middle income,UMC,Individuals using the Internet (% of population),2.48061137343426,3.57026314651376,5.89543026863431,7.777848539179,9.77154833431185,11.3806831021372,13.8621979926161,18.489122795877,23.1864531130352,28.1717687509575,33.5109059363534,37.7701579503994,42.415794159687,45.8037132988122,48.6713883900971,52.4755511046784,55.2245419991564,58.8140955526792,
Uruguay,URY,Individuals using the Internet (% of population),10.5390577480141,11.1214376832783,11.4194701966853,15.9371367159756,17.0630983403661,20.0881895579305,29.4,34,39.3,41.8,46.4,51.4046610563616,54.453768680746,57.69,61.46,64.5707870971624,66.4,68.279662557636,74.7671347261997
United States,USA,Individuals using the Internet (% of population),43.0791626375201,49.0808315896951,58.7854038836952,61.6971171244207,64.7582564759896,67.968052915002,68.9311932699721,75,74,71,71.69,69.7294607619268,74.7,71.4,73,74.5542024462761,85.5444212887222,87.2661128245915,
Uzbekistan,UZB,Individuals using the Internet (% of population),0.484347307694947,0.597567993875805,1.08193974248733,1.91259517784997,2.59372542084924,3.34350988825952,6.38832196706805,7.49060468138629,9.0801145234501,11.9,15.9,18.6,23.6,26.8,35.5,42.8,46.7912869407806,52.3051007893576,55.2
St. Vincent and the Grenadines,VCT,Individuals using the Internet (% of population),3.24503741064558,5.09480977832946,5.54959487957379,6.46227416659743,7.37116584201749,9.19827808234299,12,16,21,31,33.7,36.7,40,43.5,47.4,17.1320665213147,20.68943522,22.0042779775179,22.39426119213
"Venezuela, RB",VEN,Individuals using the Internet (% of population),3.3595974645036,4.63600094778677,4.91044632720325,7.49996346522407,8.40446959241215,12.5529979098299,15.2247114771787,20.83,25.88,32.7,37.37,40.22,49.0500830729861,54.9,57,64,60,72,
British Virgin Islands,VGB,Individuals using the Internet (% of population),,,18.8857412653447,,,,,,,36,37,37.4,37.6,,,,77.7014296797074,77.7042682926829,
Virgin Islands (U.S.),VIR,Individuals using the Internet (% of population),13.8150805419196,18.3757660397468,27.4944323774436,27.4290729887632,27.3770087880198,27.3443196733265,27.3326105376325,27.3393358364014,27.3617774210613,27.3965096846662,31.22,35.6,40.5479,45.3,50.07,54.839137296,59.60831579895,64.3774942980087,
Vietnam,VNM,Individuals using the Internet (% of population),0.254248275754934,1.26565123612317,1.85499923592581,3.78028081370641,7.64240852842363,12.7399292907031,17.2545617186662,20.7554447679753,23.92,26.55,30.65,35.07,36.8,38.5,41,45,53,58.1400000036297,70.3496355762121
Vanuatu,VUT,Individuals using the Internet (% of population),2.10833689115184,2.83057223877678,3.51003871071264,3.90329584542948,4.74660261917533,5.08233380768449,5.85058505850585,6.8,7.26911992337492,7.5,8,9.2,10.598,11.3,18.8,22.351404582536,24,25.719787835664,
World,WLD,Individuals using the Internet (% of population),6.73387474501622,8.05906627397353,10.528355634463,12.2115803663674,14.1003490299858,15.7028781337163,17.4831725421414,20.4117077812234,22.9587408851454,25.3707942856153,28.7534640611052,31.1481630152325,34.2253845879874,36.7663427256347,39.8585526153139,41.688484849736,44.7036997371821,49.7230790801991,
Samoa,WSM,Individuals using the Internet (% of population),0.566392532680849,1.68990283058724,2.24483267578443,2.79963044878076,3.07552941044897,3.35259211246829,4.46917387320954,4.74998323535329,5.03161531623702,6,7,11,12.92249,15.3,21.2,25.407009766593,29.4117301129981,33.6109393195046,
Kosovo,XKX,Individuals using the Internet (% of population),,,,,,,,,,,,,,,,,,83.89359681,89.44303197
"Yemen, Rep.",YEM,Individuals using the Internet (% of population),0.0825003865143108,0.0908024587169292,0.518796032123435,0.604734100431821,0.881222988679516,1.04859793417826,1.24782404904485,5.01,6.89,9.96,12.35,14.905,17.4465,20,22.55,24.08540947,24.5792083636211,26.7183547662977,
South Africa,ZAF,Individuals using the Internet (% of population),5.34855973203537,6.34661931839768,6.71032243705404,7.00769172611251,8.4251186825406,7.48854252992921,7.60713967477381,8.06537517355504,8.43,10,24,33.97,41,46.5,49,51.919115722747,54,56.1673944673383,
Zambia,ZMB,Individuals using the Internet (% of population),0.191071642503428,0.233129556342332,0.477750906947484,0.980483039426114,2.01354953218533,2.85175226129009,4.15991339393107,4.87,5.55,6.31,10,11.5,13.4682,15.4,19,21,25.5065788475702,27.8525791041788,14.2999970950012
Zimbabwe,ZWE,Individuals using the Internet (% of population),0.401433535211582,0.799846045633137,1.1,1.8,2.1,2.4,2.4,3,3.5,4,6.4,8.4,12,15.5,16.3647399572904,22.7428181020497,23.11998904,27.0554876878336,